家人國民,家人|國民
彼各地方人民,各|地方|人民
各國人民,各國|人民
各道人民,各道|人民
各方人民,各方|人民
能諫政府勸人民乎,諫|政府|勸|人民
間島人民,間島|人民
强健民族,强健|民族
强國民,强國|國民
强國人民,强國|人民
强移人民之意志者也,强移|人民|意志
好個國民,個|國民
開導人民,開導|人民
彼開明國民,開明|國民
但只幾個愚人民,個愚|人民
肩擔國民之義務,肩擔|國民|義務
當見信於人民,見信|人民
境內人民,境內|人民
更賣於人民,更賣|人民
警醒國民,警醒|國民
不下高句麗民族,高句麗|民族
古代兩國人民,古代|人民
了不關於人民,關|人民
官吏人民,官吏|人民
告官吏與人民,官吏|人民
無論官吏與人民,官吏|人民
無論官吏人民,官吏|人民
最多關西而人民行用,關西|人民|行用
官憲及人民,官憲|人民
爲敎習國民之計,敎習|國民|之計
敎養韓國人民,敎養|韓國|人民
其曰敎養韓國人民,敎養|韓國|人民
意以敎育國民,敎育|國民
歐美國民,歐美|國民
彼歐米民族,歐米|民族
區域內人民,區域|人民
歐洲人民,歐洲|人民
國人民,國|人民
爲其國之人民者,國|人民
國人民若,國|人民
國家國民,國家|國民
國家民族,國家|民族
果然國家民族,國家|民族
國家人民,國家|人民
其於國家人民,國家|人民
於國家人民,國家|人民
又其國家人民,國家|人民
國家人民依法律成立,國家|人民|法律|成立
國家人民之前途,國家|人民|前途
國家精神民族主義,國家|精神|民族|主義
此國家存亡民族死活,國家|存亡|民族|死活
國內人民,國內|人民
國民,國民
其國民,國民
國民的,國民
若其國民,國民
卽國民,國民
此國民,國民
大抵國民,國民
是國民乎,國民
爲國民者,國民
亦國民,國民
盖其國民,國民
曰其國民,國民
國民間,國民
爲其國民者,國民
可稱國民,國民
謂之國民,國民
便是國民,國民
一則國民,國民
不可不國民,國民
曰國民,國民
現在國民,國民
該國民,國民
或其國民,國民
彼此國民間,國民
其國民間,國民
爲國民乎,國民
國民問,國民
至於國民,國民
每以國民,國民
亦國民也,國民
但爲其國民者,國民
與其國民,國民
卽其國民,國民
爲此國民,國民
尙且其國民,國民
其國民者,國民
是乃國民,國民
須先其國民,國民
毋論其國民,國民
況此國民,國民
彼國民,國民
每年國民,國民
其他國民,國民
爲國民也,國民
由國民也,國民
何謂國民,國民
便謂國民,國民
便稱國民,國民
可謂有國民,國民
有國民,國民
竟無一個國民,國民
苟不能爲國民,國民
哭以國民,國民
歌以國民,國民
與此國民,國民
乃告國民曰,國民
何等國民,國民
亦本是國民,國民
使其國民,國民
然則其國民,國民
國民中,國民
萬若國民,國民
是國民,國民
則國民,國民
雖曰國民,國民
當時國民,國民
亦其國民,國民
且國民,國民
國民記者,國民
其曰國民,國民
卽是國民,國民
國民自,國民
伹其國國民,國民
所謂國民,國民
可謂國民,國民
或國民,國民
大凡國民,國民
況國民,國民
今日國民,國民
或曰然則國民,國民
猶是國民,國民
不得不國民,國民
元來國民,國民
莫不曰國民,國民
及其國民,國民
盖國民,國民
抑其國民,國民
曰國民者,國民
此亦國民,國民
終乃國民,國民
曰此國民,國民
國民者,國民
其國國民,國民
此等國民,國民
今此國民,國民
盍其國民,國民
九月五日國民,國民
曰國民的,國民
但只國民,國民
箇箇國民,國民
尙且國民,國民
何如國民,國民
卽此國民,國民
必也國民,國民
言言是國民之腔,國民|腔
國民之慷慨悲憤,國民|慷慨|悲憤
即其國民個個肩上,國民|個個|肩上
其國民個個人,國民|個個人
國民開導,國民|開導
國民皆兵,國民|皆兵
國民競爭,國民|競爭
國民經濟,國民|經濟
大抵國民經濟,國民|經濟
國民經濟上問題,國民|經濟|問題
國民經濟的思想能力,國民|經濟|思想|能力
國民經濟會,國民|經濟會
即國民之慶幸也,國民|慶幸
國民困難,國民|困難
甘爲國民公敵也,國民|公敵
爲國民而拱祝者,國民|拱祝
其在國民關係,國民|關係
國民敎導,國民|敎導
國民敎育,國民|敎育
國民的敎育,國民|敎育
國民敎育上,國民|敎育
果然國民敎育,國民|敎育
可謂國民敎育,國民|敎育
大抵國民敎育,國民|敎育
是國民的敎育,國民|敎育
國民敎育界,國民|敎育界
國民敎育事業,國民|敎育事業
國民敎育會,國民|敎育會
國民敎育會團体,國民|敎育會|團體
國民的國家,國民|國家
國民而無國家思想,國民|國家|思想
國民乎國民乎,國民|國民
國民軍,國民|軍
以爲國民權利之保障,國民|權利|保障
俾國民男女,國民|男女
其國民腦髓中,國民|腦髓
其國民腦子中,國民|腦子
國民腦際,國民|腦際
國民腦中,國民|腦中
國民能力,國民|能力
其國民多數,國民|多數
國民團結,國民|團結
國民的團結,國民|團結
國民的團体,國民|團體
國民團軆上,國民|團體
國民團軆,國民|團體
國民團體,國民|團體
國民團合,國民|團合
國民黨,國民|黨
國民大團合,國民|大團合
國民大演說會,國民|大演說會
國民間待遇,國民|待遇
國民的大責任,國民|大責任
國民代表,國民|代表
實一國民代表,國民|代表
國民代表者,國民|代表者
國民大會,國民|大會
國民同志贊成,國民|同志|贊成
國民同胞,國民|同胞
曰國民同胞,國民|同胞
但國民同胞,國民|同胞
卽目下國民同胞,國民|同胞
或國民同胞,國民|同胞
此國民同胞,國民|同胞
然則國民同胞,國民|同胞
果然今日國民同胞,國民|同胞
卽國民同胞,國民|同胞
不可不國民同胞,國民|同胞
今此國民同胞,國民|同胞
嗚乎國民同胞,國民|同胞
亦國民同胞,國民|同胞
爲先國民同胞,國民|同胞
卽國民勞動,國民|勞動
國民利益,國民|利益
每常國民魔報,國民|魔報
盖彼國民魔報,國民|魔報
彼國民魔報,國民|魔報
國民萬歲,國民|萬歲
國民每口,國民|每口
然則國民昧野之歎,國民|昧野|歎
國民之蒙昧,國民|蒙昧
如己國民無異,國民|無異
國民文明之步,國民|文明|步
國民未曉,國民|未曉
國民反映,國民|反映
國民奮,國民|奮
國民分義,國民|分義
卽國民奮興,國民|奮興
國民奮興,國民|奮興
今日國民奮興,國民|奮興
增國民之悲境而已,國民|悲境
大則國民貧困,國民|貧困
國民思想,國民|思想
國民事業,國民|事業
國民的事業,國民|事業
國民死活,國民|死活
此國民的社會,國民|社會
國民的社會卽國家,國民|社會|國家
國民狀態,國民|狀態
國民上下,國民|上下
彼國民上下之情,國民|上下|情
國民生活,國民|生活
甞聞國民之書信,國民|書信
國民先祖先輩,國民|先祖|先輩
國民性質,國民|性質
國民之所望於該會者,國民|所望
國民小學讀本,國民|小學|讀本
爲我國民誦之,國民|誦之
國民信用,國民|信用
國民之實利,國民|實利
國民心理上競爭力,國民|心理|競爭力
大失國民之仰望者也,國民|仰望
貴國民之愛國事業,國民|愛國|事業
貴國民之愛國心,國民|愛國心
國民言論者,國民|言論
以國民言之,國民|言之
秉國民輿論之筆舌,國民|輿論|筆舌
國民捐會,國民|捐會
國民的勇氣,國民|勇氣
國民意見,國民|意見
國民義務,國民|義務
爲國民之義務,國民|義務
亦莫不有國民之義務,國民|義務
卽國民之義務也,國民|義務
方可謂國民之義務,國民|義務
毋失爲國民之義務哉,國民|義務
即國民義務,國民|義務
尙且國民義務,國民|義務
以效國民之義務,國民|義務
國民義務心,國民|義務心
果然此國民義務心,國民|義務心
畢竟國民義務心,國民|義務心
昭釋此國民之疑点矣,國民|疑点
此國民疑點,國民|疑點
其國民意志,國民|意志
乃者國民耳目,國民|耳目
國民二字,國民|二字
國民人人,國民|人人
其亦爲國民一念哉,國民|一念
國民一般,國民|一般
亦國民中一分子也,國民|一分子
國民壹人,國民|壹人
夫國民一統四字,國民|一統|四字
國民資格,國民|資格
萬壹國民資格,國民|資格
但只國民資格,國民|資格
國民資生,國民|資生
國民子弟,國民|子弟
其國民自治力,國民|自治力
國民間長遠太平,國民|長遠|太平
國民財源,國民|財源
至於國民財政,國民|財政
爲國民前導者,國民|前導
國民前途,國民|前途
國民全部,國民|全部
國民全軆,國民|全體
其國民全軆,國民|全體
國民程度,國民|程度
國民精神,國民|精神
國民情形,國民|情形
國民中第一位,國民|第一位
國民種族,國民|種族
免爲國民之罪人,國民|罪人
國民主義,國民|主義
國民之衆多怨口,國民|衆多|怨口
國民的智能,國民|智能
國民知德,國民|知德
國民指導,國民|指導
國民之論,國民|之論
國民之智識,國民|智識
國民知識,國民|知識
國民的知識,國民|知識
箇箇國民知識,國民|知識
國民知識均啓,國民|知識|均啓
國民之言,國民|之言
國民之幸,國民|之幸
國民進步,國民|進步
國民進化,國民|進化
國民之疾痛慘怛,國民|疾痛|慘怛
是國民之責也,國民|責
國民的責任,國民|責任
獨無國民之責乎,國民|責乎
國民的靑年,國民|靑年
國民之最難關,國民|最|難關
箇箇國民䐉髓,國民|䐉髓
國民治平,國民|治平
國民統一,國民|統一
國民統壹,國民|統一
國民統壹旗幟下,國民|統一|旗幟
國民風化,國民|風化
即國民之所咸仰者也,國民|咸仰
卞國民之懈怠,國民|懈怠
豈非國民之幸福乎,國民|幸福
國民幸福,國民|幸福
國民血性,國民|血性
國民呼寃,國民|呼寃
與國民釁搆,國民|釁搆
彼國民軍,國民軍
國民同志贊成會,國民同志贊成會
所謂國民同志贊成會,國民同志贊成會
所謂國民同志會賛成,國民同志會|賛成
國民議會,國民議會
皆屬於國民議會,國民議會
蓋國民議會,國民議會
國民會,國民會
嗚乎國民會,國民會
國民會議,國民會議
彼國民會議,國民會議
又其軍國民精神,軍|國民|精神
軍國民,軍國民
軍國民之精神,軍國民|精神
軍國民主義,軍國民|主義
軍役土所有主人民,軍役土|所有主|人民
勸告地方人民,勸告|地方|人民
亦眷眷以人民之昧弱,眷眷|人民|昧弱
勸導人民云者,勸導|人民
勸奬人民,勸奬|人民
專然歸罪於人民,歸罪|人民
極東人民,極東|人民
不幾年而韓國民智,幾年|韓國|民智
幾多人民,幾多|人民
是幾百年閉戶之國民,幾百年|閉戶|國民
幾千年人民,幾千年|人民
幾千萬頑昧國民,幾千萬|頑昧|國民
金國民情,金國民情
內外人民,內外|人民
此內地人民,內地|人民
內地人民,內地|人民
爲奴隷之國民,奴隷|國民
奴隷的國民,奴隷|國民
奴使人民,奴使|人民
奴視人民,奴視|人民
能動之國民,能動|國民
其能責人民之無狀乎,能責|人民|無狀
多數民族,多數|民族
多數之人民,多數|人民
多數人民之所聚合者,多數|人民|聚合
擔國民代表之義務,擔|國民|代表|義務
大國民,大|國民
卽大國民大男兒,大|國民|大男兒
大國民的精神,大|國民|精神
大東人民,大東|人民
大小人民,大小|人民
其他大小人民間,大小|人民
大臣及人民,大臣|人民
即代表國民之言論也,代表|國民|言論
大韓國民,大韓|國民
皆大韓國民也,大韓|國民
今日大韓國民,大韓|國民
爲大韓國民者,大韓|國民
卽大韓國民,大韓|國民
此亦大韓國民,大韓|國民
吁嗟乎大韓國民,大韓|國民
獨大韓國民,大韓|國民
大韓國民同胞,大韓|國民|同胞
大韓國民名譽聲價,大韓|國民|名譽|聲價
願大韓國民無彊,大韓|國民|無彊
大韓國民四字,大韓|國民|四字
大韓民族,大韓|民族
今日大韓民族,大韓|民族
前日大韓民族,大韓|民族
畢竟大韓民族,大韓|民族
此盖大韓民族,大韓|民族
大韓民族奠居,大韓|民族|奠居
大韓人民,大韓|人民
惟是大韓人民,大韓|人民
然則大韓人民,大韓|人民
係是大韓人民,大韓|人民
現今大韓人民,大韓|人民
若使大韓人民,大韓|人民
且大韓人民,大韓|人民
大韓人民憎,大韓|人民
皆曰大韓人民,大韓|人民
惟願大韓人民,大韓|人民
不但大韓人民之激昻,大韓|人民|激昻
大韓人民社會,大韓|人民|社會
大韓全國民,大韓|全|國民
大抵大韓全國人民,大韓|全國|人民
大韓帝國人民,大韓|帝國|人民
乃德國國民,德國|國民
導其國民,導其|國民
滔滔皆是則人民,滔滔|人民
徒費人民之納稅,徒費|人民|納稅
獨立國民,獨立|國民
獨立的國民,獨立|國民
獨逸民族,獨逸|民族
同國國民,同國|國民
同國民族,同國|民族
同國人民,同國|人民
東羅馬人民,東羅馬|人民
等棄人民於水火之中,等棄|人民|水火
羅甸民族,羅甸|民族
兩國國民,兩國|國民
凡於兩國民紛,兩國|民紛
兩國人民,兩國|人民
兩國人民間,兩國|人民
兩郡人民,兩郡|人民
閭巷人民,閭巷|人民
然而閭巷人民,閭巷|人民
歷數我國民會,歷數|我|國民會
彼列强民族,列强|民族
列强國國民,列强國|國民
劣等民族,劣等|民族
露國民族,露國|民族
露國人民,露國|人民
聾國民,聾|國民
陸軍及人民,陸軍|人民
涖於人民,涖|人民
立憲的國民,立憲|國民
雖立憲團體之國民,立憲|團體|國民
魔誘國民曰後來志士,魔誘|國民|後來|志士
滿洲民族,滿洲|民族
至今滿洲民族,滿洲|民族
亡國民,亡國|國民
兦國民之責,亡國|國民|責
亡國民族,亡國|民族
有兦國之人民然後,亡國|人民
雖或忘情於國民,忘情|國民
盲國民,盲|國民
盲聾的國民,盲聾|國民
猛壯的國民,猛壯|國民
皆猛壯的國民,猛壯|國民
滅亡民族而乃已者故,滅亡|民族
國民報者之蔑識,蔑識
命令於人民則人民,命令|人民|人民
冥冥中國民,冥冥|國民
耗國民之貲產,耗|國民|貲產
無論某處人民,某處|人民
何其無國民之精神,無|國民|精神
無彊於大韓國民,無彊|大韓|國民
無關於國民,無關|國民
若無關於國民,無關|國民
無國性的民族,無國性|民族
無非國民,無非|國民
無非國民祖先,無非|國民|祖先
無罪人民,無罪|人民
彼文明國民,文明|國民
文明民族,文明|民族
個個文明國强健民族,文明國|强健|民族
美國人民,美國|人民
未來國民,未來|國民
彼迷信人民,迷信|人民
民族,民族
其民族,民族
此其民族,民族
即民族,民族
此民族,民族
盖此等民族,民族
盖其民族,民族
盖具民族,民族
何等民族,民族
又其民族,民族
即其民族,民族
其曰民族,民族
若其民族,民族
民族二字,民族
民族同,民族
民族的,民族
皆其民族,民族
大抵民族,民族
況民族,民族
民族競爭,民族|競爭
民族競爭史,民族|競爭史
民族系統,民族|系統
民族關係,民族|關係
民族文野,民族|文野
民族繁殖,民族|繁殖
民族保全,民族|保全
皆其民族社會,民族|社會
若其民族社會,民族|社會
民族生存,民族|生存
民族生活,民族|生活
盖其民族生活界,民族|生活界
即民族盛衰,民族|盛衰
民族性質,民族|性質
其民族崇拜下,民族|崇拜
民族時代,民族|時代
民族全軆,民族|全體
民族政治,民族|政治
民族主義,民族|主義
此民族主義,民族|主義
曰民族主義,民族|主義
民族請神,民族|請神
民族的嫌惡,民族|嫌惡
民族興亡,民族|興亡
民衆,民衆
其反對派國民,反對派|國民
半島國民,半島|國民
乃可頒布於人民,頒布|人民
發達國民之產業,發達|國民|產業
邦國國民,邦國|國民
各坊里人民,坊里|人民
法國人民,法國|人民
報舘與人民,報舘|人民
普通國民,普通|國民
但普通國民,普通|國民
普通人民,普通|人民
況普通人民乎,普通|人民
欲保護我人民,保護|我|人民
以福民族,福|民族
本國人民,本國|人民
抑或本邦人民,本邦|人民
以其本産之人民,本産|人民
本土人民,本土|人民
其本土人民,本土|人民
不顧其人民之灾害,不顧|人民|灾害
附近人民,附近|人民
該附近之人民,附近|人民
乃者府內人民,府內|人民
不能動之國民,不能動|國民
不能盡人民之義務,不能盡|人民|義務
不無國民之疑点,不無|國民|疑点
不死我二千萬國民,不死|我|二千萬|國民
不應使此無辜人民,不應|無辜|人民
不做人民之事業,不做|人民|事業
又不知國民,不知|國民
此不幸國民,不幸|國民
扶護人民,扶護|人民
北道人民,北道|人民
彼佛國民,佛國|國民
佛國民族,佛國|民族
奚足以費國民之稅金,費|國民|稅金
比律賓人民,比律賓|人民
俾我國民,俾我|國民
庇庥人民,庇庥|人民
使擧國民庶,使擧|國民
四億萬民族,四億萬|民族
四億萬人民,四億萬|人民
四千年歷史的國民,四千年|歷史|國民
四千年來民族,四千年|民族
四千載仁厚民族,四千載|仁厚|民族
社會人民,社會|人民
殺掠人民,殺掠|人民
三韓民族,三韓|民族
相應一般人民,相應|一般|人民
上下國民,上下|國民
然則其將以上下國民,上下|國民
苟其上下國民,上下|國民
上下人民,上下|人民
其上下人民,上下|人民
無論上下人民,上下|人民
夫生爲國民,生爲|國民
生爲如此之國民,生爲|國民
生爲國民,生爲|國民
西國民會,西國|民會
西道人民,西道|人民
西羅馬人民,西羅馬|人民
非昔日之人民歟,昔日|人民
善隣國民,善隣|國民
先發諭示民衆然後,先發|諭示|民衆
城人民,城|人民
城及平壤人民,城及|平壤|人民
城內外人民,城內外|人民
城市人民,城市|人民
世界上文明國民,世界|文明|國民
況世界各民族,世界|民族
近日世界各民族,世界|民族
世界上神聖民族,世界|神聖|民族
世界上億兆人民,世界|億兆|人民
世界上優等民族,世界|優等|民族
世界人民,世界|人民
則世界上他國人民,世界|他國|人民
訴訟人民,訴訟|人民
少數民族,少數|民族
少數人民,少數|人民
束縛人民,束縛|人民
損其國民之一分資格,損其|國民|一分|資格
損害民族,損害|民族
率人民之僕從,率|人民|僕從
率先人民,率先|人民
松都人民,松都|人民
衰國民,衰|國民
以酬國民之志,酬|國民|志
哀此數萬人民,數萬|人民
數百里人民,數百里|人民
但說時局之獘則人民,時局|獘|人民
時代國民,時代|國民
食人民之食,食|人民|食
新國家新人民,新|國家|新|人民
新國民,新|國民
曰新國民,新|國民
新大韓民族,新|大韓|民族
新民族,新|民族
新人民,新|人民
神與人民,神|人民
身先國民,身先|國民
神聖民族,神聖|民族
神州民族,神州|民族
實副我二千萬國民,實副|我|二千萬|國民
實業國民,實業|國民
尋常人民,尋常|人民
十三道人民,十三道|人民
我國家人民,我|國家|人民
惟我國家人民,我|國家|人民
我國民,我|國民
惟我國民,我|國民
凡我國民,我|國民
況我國民,我|國民
在我國民,我|國民
今我國民,我|國民
我之國民,我|國民
我國民間,我|國民
嗟我國民,我|國民
使我國民,我|國民
現我國民,我|國民
爲我國民者,我|國民
向使我國民,我|國民
即是我國民,我|國民
今日我國民,我|國民
向我國民,我|國民
欲爲我國民開明發達,我|國民|開明|發達
自我國民團体中,我|國民|團體
我國民同胞,我|國民|同胞
曰我國民同胞,我|國民|同胞
惟我國民同胞,我|國民|同胞
今我國民同胞,我|國民|同胞
抑我國民同胞,我|國民|同胞
凡我國民同胞,我|國民|同胞
幸我國民同胞,我|國民|同胞
毋囓我國民同胞,我|國民|同胞
彼亦我國民分子,我|國民|分子
我國民生,我|國民|生
以我國民之身分才質,我|國民|身分|才質
我國民之愛國事業,我|國民|愛國|事業
我國民之愛國精神,我|國民|愛國|精神
我國民愛國之天性,我|國民|愛國|天性
我國民之愛國心,我|國民|愛國心
我國民之榮譽,我|國民|榮譽
我國民的政策,我|國民|政策
惟我大韓國民而已,我|大韓|國民
我大韓國民,我|大韓|國民
然則我大韓國民,我|大韓|國民
我大韓民族,我|大韓|民族
畢竟我大韓民族,我|大韓|民族
嗟我大韓民族,我|大韓|民族
惟我大韓民族,我|大韓|民族
我大韓人民,我|大韓|人民
今我大韓人民,我|大韓|人民
年來我大韓人民,我|大韓|人民
我同胞民族,我|同胞|民族
我民族,我|民族
然則我民族,我|民族
哀我民族,我|民族
盖我民族,我|民族
我民族社會,我|民族|社會
亦我民族之一分子,我|民族|一分子
我法國人民,我|法國|人民
我本國人民,我|本國|人民
我三韓民族,我|三韓|民族
嗟我上下國民,我|上下|國民
惟我偉大之國民,我|偉大|國民
嗟我二千萬國民,我|二千萬|國民
維我二千萬國民,我|二千萬|國民
即我二千萬國民,我|二千萬|國民
遍拜我二千萬國民,我|二千萬|國民
遍告我二千萬國民,我|二千萬|國民
我二千萬民族,我|二千萬|民族
我二千萬民族社會內,我|二千萬|民族|社會
我人民,我|人民
以我人民,我|人民
使我人民,我|人民
嗟我人民,我|人民
維我人民,我|人民
害我人民,我|人民
凡我人民,我|人民
今我人民,我|人民
愚我人民,我|人民
况我人民,我|人民
哀我人民,我|人民
然則我人民,我|人民
然則我一般國民,我|一般|國民
我一般國民,我|一般|國民
我一般民族,我|一般|民族
我一般人民,我|一般|人民
我壹般人民,我|壹般|人民
我全國人民,我|全國|人民
其於我全國人民,我|全國|人民
我政府與人民,我|政府|人民
惟我政府及人民,我|政府|人民
我帝國國民,我|帝國|國民
我只恐我國人民,我|只恐|我國|人民
我忠愛人民,我|忠愛|人民
俄國民,俄國|國民
我國民人,我國|民人
今日我國民族,我國|民族
我國民族,我國|民族
且我國民族,我國|民族
我國人民,我國|人民
凡我大韓民族,我大韓|民族
我邦之人民,我邦|人民
我邦人民,我邦|人民
亞細亞民族,亞細亞|民族
我實不料我國民,我實|不料|我|國民
我實不意我國民,我實|不意|我|國民
我韓國民,我韓|國民
假令謂之曰我韓國民,我韓|國民
惟我韓國民,我韓|國民
年來我韓國民,我韓|國民
我韓國民上下,我韓|國民|上下
我韓國民財產,我韓|國民|財產
我韓民族,我韓|民族
大抵我韓民族,我韓|民族
我韓民族中,我韓|民族
今日我韓民族,我韓|民族
由來我韓民族,我韓|民族
我韓今日民族,我韓|民族
然則我韓民族,我韓|民族
盖我韓民族,我韓|民族
爲我韓二千萬國民者,我韓|二千萬|國民
我韓人民,我韓|人民
且我韓人民,我韓|人民
爲我韓人民,我韓|人民
凡爲我韓人民者,我韓|人民
目今我韓人民,我韓|人民
由來我韓人民,我韓|人民
今我韓人民,我韓|人民
我韓人民之迷信,我韓|人民|迷信
我韓人民之移住者,我韓|人民|移住
我韓第二國民,我韓|第二|國民
握人民生業的權利,握|人民|生業|權利
樂以國民,樂以|國民
當是遏狄加之人民,遏狄|人民
壓侮人民,壓侮|人民
壓伏人民,壓伏|人民
壓制人民,壓制|人民
在於壓制之下而人民,壓制|人民
愛國心最盛之國民,愛國心|最盛|國民
埃阿尼亞之人民,埃阿尼亞|人民
愛護人民,愛護|人民
野蠻民族,野蠻|民族
曰弱國人民,弱國|人民
弱國人民,弱國|人民
魚肉此二千萬人民者,魚肉|二千萬|人民
儼然壹部民族主義,儼然|壹部|民族|主義
同報譯者曰普佛國民,譯者|普佛|國民
沿江十二洞人民,沿江|十二洞|人民
熱帶人民,熱帶|人民
英國人民,英國|人民
英國本土人民,英國本土|人民
嬰兒的國民,嬰兒|國民
凡爲吾國民者,吾|國民
今吾國民,吾|國民
吾人民,吾|人民
即吾帝國民智,吾|帝國|民智
吾國民族,吾國|民族
吾國人民,吾國|人民
五大民族競爭舞臺,五大|民族|競爭|舞臺
吾輩國民,吾輩|國民
使吾輩國民,吾輩|國民
吾軰國民,吾軰|國民
吾軰二千萬民族,吾軰|二千萬|民族
吾軰一般國民,吾軰|一般|國民
將俾五種民族,五種|民族
五種民族千五萬萬人,五種|民族|千五萬萬人
吾韓人民,吾韓|人民
現今溫帶中人民,溫帶|人民
穩靜的國民,穩靜|國民
皆穩靜的國民,穩靜|國民
莞島人民,莞島|人民
外交卽民族的,外交|民族
外他國民,外他|國民
撓惑於人民也,撓惑|人民
欲驅全國人民,欲驅|全國|人民
勇進的國民,勇進|國民
皆勇進的國民,勇進|國民
優國民,優|國民
憂以國民,憂|國民
以若優等國民之姿格,優等|國民|姿格
優等民族,優等|民族
援助國民,援助|國民
欲委賴于人民,委賴|人民
猶大民族,猶大|民族
果是有道之國民,有道|國民
柔順的國民,柔順|國民
皆柔順的國民,柔順|國民
曰柔順的穩靜的國民,柔順|穩靜|國民
柔順的穩靜的國民,柔順|穩靜|國民
維持國民之精神者也,維持|國民|精神
猶太民族,猶太|民族
宜恪別曉諭人民,宜恪別|曉諭|人民
今意大利之國民,意大利|國民
盖當日意大利民族,意大利|民族
方始有二個國民,二個|國民
二國人民,二國|人民
移殖己國之人民,移殖|國|人民
二十世紀新國民,二十世紀|新|國民
但只二十世紀新國民,二十世紀|新|國民
異種民族,異種|民族
二千萬國民,二千萬|國民
此二千萬國民,二千萬|國民
言必稱二千萬國民,二千萬|國民
二千萬大韓國民,二千萬|大韓|國民
二千萬民族,二千萬|民族
稱云二千萬之民衆,二千萬|民衆
假令二千萬民衆,二千萬|民衆
此二千萬神聖民族,二千萬|神聖|民族
貳千萬神聖民族,二千萬|神聖|民族
二千萬人民,二千萬|人民
惟此二千萬人民,二千萬|人民
二千萬忠愛民族,二千萬|忠愛|民族
二千萬忠愛之民族,二千萬|忠愛|民族
伊太利國民,伊太利|國民
伊太利國民全軆,伊太利|國民|全體
貽害人民者,貽害|人民
其貽害于人民,貽害|人民
人民,人民
其人民,人民
此人民,人民
彼人民,人民
人民間,人民
其國人民,人民
卽人民,人民
哀此人民,人民
爲人民者,人民
自人民,人民
且人民,人民
使人民,人民
曰人民,人民
使其人民,人民
此亦人民,人民
夫人民,人民
人民中,人民
凡此人民,人民
與人民,人民
大抵人民,人民
盖人民,人民
噫彼人民,人民
且其人民,人民
一則人民,人民
若其人民,人民
皆人民,人民
畢竟人民,人民
果然人民,人民
皆其人民,人民
爲其人民,人民
况人民,人民
會員曰人民,人民
又問曰人民,人民
終是人民,人民
於是乎人民,人民
惟人民,人民
抑亦人民,人民
下而人民,人民
何等人民,人民
必然人民,人民
凡人民,人民
若夫人民,人民
人民則,人民
人民也,人民
如人民之外,人民
亦惟其人民,人民
又曰人民,人民
此有人民,人民
有人民則,人民
然而人民,人民
爲人民,人民
欲使人民,人民
愚彼人民,人民
如其人民,人民
至其人民,人民
然而人民之間,人民
待此人民,人民
有或人民,人民
夫有此種人民然後,人民
譬之人民也,人民
宜乎其人民,人民
先次其人民,人民
乃人民,人民
以其人民,人民
全然其人民,人民
有此人民,人民
爲人民乎,人民
亦必曰爲人民也,人民
非今日之人民歟,人民
是作如何人民,人民
旣有如此之人民,人民
必代人民,人民
其餘人民,人民
人民者,人民
況人民,人民
寧人民,人民
必是人民,人民
當該人民,人民
每其人民間,人民
此種人民,人民
最於人民,人民
每日人民,人民
亦人民,人民
豈其人民,人民
般人民,人民
是皆人民,人民
便是人民,人民
惟其人民,人民
其曰人民,人民
六七千戶人民,人民
或曰人民,人民
亦其人民,人民
但其人民,人民
但只人民,人民
若乃人民,人民
萬人民,人民
若人民,人民
大抵今日人民,人民
往往人民,人民
四人民,人民
其他人民,人民
由此人民,人民
卽時人民,人民
恒常人民,人民
或其人民,人民
凡厥人民,人民
如此人民,人民
但人民,人民
或曰彼人民,人民
宜其人民,人民
大抵此人民,人民
至若人民,人民
乃者人民,人民
人民上,人民
對此人民,人民
然則人民,人民
萬壹人民,人民
使此人民,人民
或彼人民,人民
嘗曰人民,人民
以人民各守之義氣,人民|各守|義氣
若以人民之干犯制限,人民|干犯|制限
盖人民之感覺,人民|感覺
皆人民之所感化者則,人民|感化
人民個個腦裡,人民|個個|腦裡
人民開導上,人民|開導
至於人民開導上注意,人民|開導|注意
人民開明,人民|開明
人民居生,人民|居生
人民經濟,人民|經濟
人民經濟界,人民|經濟界
人民之苦樂休戚,人民|苦樂|休戚
由人民公擧議員,人民|公擧|議員
人民及官僚,人民|官僚
人民敎導,人民|敎導
人民敎育,人民|敎育
至於人民之敎育一事,人民|敎育|一事
各人民之購覽者,人民|購覽
及夫人民邱木,人民|邱木
人民則局於自已所見,人民|局|自已|所見
人民權利,人民|權利
自有人民之權利,人民|權利
人民機巧,人民|機巧
卽人民難保,人民|難保
人民納稅者,人民|納稅者
人民之大不服者,人民|大|不服者
人民大韓人民,人民|大韓|人民
人民都市及遠景,人民|都市|遠景
當此人民塗炭之日,人民|塗炭|日
置其結局于人民篤信,人民|篤信
於人民量度,人民|量度
人民歷史,人民|歷史
人民勞働力,人民|勞動力
人民利益,人民|利益
人民蒙昧,人民|蒙昧
人民之無告,人民|無告
人民文野,人民|文野
人民百數,人民|百數
人民之保存歟,人民|保存
人民保護,人民|保護
今此人民之蜂起,人民|蜂起
無人民則不得成國家,人民|不得成|國家
致使人民不服,人民|不服
人民間事,人民|事
聽人民之私立校塾者,人民|私立校塾
人民思想,人民|思想
不許人民之私自鑄造,人民|私自|鑄造
人民社會,人民|社會
先次其人民的社會,人民|社會
人民社會間,人民|社會
人民社會中,人民|社會
人民社會日用規則,人民|社會|日用|規則
其人民社會之程度,人民|社會|程度
其人民産業,人民|産業
於人民產業,人民|產業
人民商業,人民|商業
人民生,人民|生
人民生命,人民|生命
人民之生命財産,人民|生命|財産
人民生命財産之保護,人民|生命|財産|保護
人民生命前塗,人民|生命|前塗
人民生死,人民|生死
人民生業之要,人民|生業|要
必依人民而生存故,人民|生存
人民生活,人民|生活
人民生活上,人民|生活
人民生活上經濟,人民|生活|經濟
人民之生活事業,人民|生活|事業
皆由人民而成立者,人民|成立
以人民而成立者也,人民|成立
人民性質,人民|性質
盖人民性質才禀,人民|性質|才禀
人民之成就,人民|成就
對人民訴寃之狀,人民|訴寃狀
人民之損害不尠則,人民|損害|不尠
人民損害之額,人民|損害|額
此亦人民衰退,人民|衰退
人民之受毒,人民|受毒
人民之受毒受害,人民|受毒|受害
人民受病之源,人民|受病|源
人民之受害,人民|受害
爲人民之信用,人民|信用
使人民信知,人民|信知
人民失望,人民|失望
人民晏堵,人民|晏堵
人民安樂,人民|安樂
人民之愛,人民|愛
慨人民之野昧無知,人民|野昧|無知
逐其人民而魚肉之,人民|魚肉
人民之魚肉,人民|魚肉
毋致人民之繹騷,人民|繹騷
人民衛生,人民|衛生
或曰人民衛生,人民|衛生
衣人民之衣,人民|衣
人民之義務,人民|義務
人民義務,人民|義務
人民衣服,人民|衣服
凡人民衣食之資,人民|衣食|資
爲人民而立者也,人民|而立
其人民之移住者,人民|移住者
凡人民日用衣服飮食,人民|日用|衣服|飮食
人民之一致論非,人民|一致|論非
因人民之自然感化,人民|自然|感化
雖許人民之自由請願,人民|自由|請願
人民自治之權,人民|自治|權
人民自治之步趣,人民|自治|步趣
人民財産,人民|財産
人民財產,人民|財產
人民在世,人民|在世
人民前途,人民|前途
此其人民全軆,人民|全體
人民轉禍爲福之情狀,人民|轉禍|爲福|情狀
人民程度,人民|程度
人民之於政府也,人民|政府
其人民與政府,人民|政府
人民情形,人民|情形
人民焉朝聚暮散,人民|朝聚|暮散
謂之人民之罪,人民|罪
人民之罪也,人民|罪
人民蹲畓之界,人民|蹲畓|界
其人民之智識,人民|智識
先急乎人民之智識,人民|智識
人民智識,人民|智識
人民之知識,人民|知識
苟其人民之知識,人民|知識
人民知識,人民|知識
非人民之職也,人民|職
人民疾苦,人民|疾苦
乘人民之車馬,人民|車馬
其人民之慘楚寃鬱,人民|慘楚|寃鬱
宜盡人民之責,人民|責
人民樵悴不聊生,人民|樵悴|不聊生
人民衷情,人民|衷情
人民敗亡,人民|敗亡
人民獘瘼,人民|獘瘼
人民之表準也,人民|表準
人民風俗,人民|風俗
人民幸福,人民|幸福
人民互相間,人民|互相
反使人民渙散,人民|渙散
人民之爻象,人民|爻象
必欲使人民曉知,人民|曉知
人民希願,人民|希願
無一人是國民,人是|國民
一國民,一|國民
壹國民,一|國民
一國民之榮譽,一|國民|榮譽
壹民族,一|民族
壹民族興滅,一|民族|興滅
方始有一個國民,一個|國民
遂無一個國民,一個|國民
即是一個國民,一個|國民
大抵一個人民,一個|人民
至若一個人民,一個|人民
使一境之人民,一境|人民
一國人民,一國|人民
壹國人民,一國|人民
雖有一群人民,一群|人民
一郡人民,一郡|人民
一段國民,一段|國民
卽一段國民,一段|國民
壹島人民,一島|人民
一道人民,一道|人民
一般國民,一般|國民
壹般國民,一般|國民
且以一般國民而言之,一般|國民
即一般國民,一般|國民
一般國民同胞,一般|國民|同胞
一般民族,一般|民族
一般民衆,一般|民衆
一般紳士人民,一般|紳士|人民
一般人民,一般|人民
壹般人民,一般|人民
其一般人民,一般|人民
皆曰一般人民,一般|人民
彼壹般人民,一般|人民
於是乎壹般人民,壹般|人民
日本國民,日本|國民
其日本國民,日本|國民
有曰日本國民,日本|國民
惟日本民族,日本|民族
日本民族,日本|民族
是日本民族之特性,日本|民族|特性
日本人民,日本|人民
被日本人民,日本|人民
現今日本人民,日本|人民
壹部少數人民間,一部|少數|人民
一府人民,一府|人民
一部人民,一部|人民
一時人民,一時|人民
常在一隅之民族,一隅|民族
壹切人民,一切|人民
一種新國民,一種|新|國民
壹次國民的大事業,一次|國民|大|事業
只是自國民族而已,自國|民族
自國民族,自國|民族
各其自國民族,自國|民族
自國人民,自國|人民
雖其自國人民,自國|人民
雖自國人民,自國|人民
自己國民,自己|國民
自己人民中,自己|人民
自然人民,自然|人民
自然彼此人民間法律,自然|人民|法律
自然全國人民,自然|全國|人民
自由人民,自由|人民
字字是國民之舌,字字|國民|舌
以作國民之罪人也,作|國民|罪人
作一無希望之國民,作一無|希望|國民
殘鄕人民,殘鄕|人民
將來疆土人民,將來|疆土|人民
將來國民前途,將來|國民|前途
障碍國民之進步也,障碍|國民|進步
再造民族,再造|民族
在下之人民,在下|人民
沮灰國民之志氣而已,沮灰|國民|志氣
敵國人民,敵國|人民
專以開發國民之知識,專|開發|國民|知識
全國民,全|國民
卽全國民,全|國民
萬壹全國民,全|國民
爲全國民機關者,全|國民|機關
全國民腦髓,全|國民|腦髓
全國民腦中腔中,全|國民|腦中|腔中
秉全國民代表之筆,全|國民|代表|筆
全國民心,全|國民|心
夫全國國民,全國|國民
全國國民,全國|國民
即全國國民,全國|國民
雖或全國國民,全國|國民
大抵全國國民,全國|國民
亦足使全國民人,全國|民人
全國民族,全國|民族
全國民衆之嗷嗷沓沓,全國|民衆|嗷嗷|沓沓
今夫全國上下人民,全國|上下|人民
全國二千萬民族,全國|二千萬|民族
全國人民,全國|人民
若全國人民,全國|人民
於全國人民,全國|人民
且全國人民,全國|人民
必也全國人民,全國|人民
今以全國人民,全國|人民
務使全國人民,全國|人民
必使全國人民,全國|人民
抑全國人民,全國|人民
全國人民之激昂奮鬱,全國|人民|激昂|奮鬱
爲全國人民之耳目則,全國|人民|耳目
全國土地人民,全國|土地|人民
全般國民,全般|國民
全般民族,全般|民族
全邦人民,全邦|人民
專責於人民哉,專責|人民
全軆民族,全體|民族
果然全韓二千萬人民,全韓|二千萬|人民
全韓人民,全韓|人民
全湖人民,全湖|人民
政府亦國民,政府|國民
政府人民,政府|人民
所謂政府與人民,政府|人民
必也政府人民,政府|人民
苟其政府人民之間,政府|人民
其政府與人民,政府|人民
政府與人民,政府|人民
政府人民之表準,政府|人民|表準
政府以下一般人民,政府|一般|人民
帝國國民,帝國|國民
諸道民族,諸道|民族
第二世國民,第二世|國民
卽第二世國民,第二世|國民
第二世國民智識啓發,第二世|國民|智識|啓發
第一其全國人民,第一|全國|人民
濟州人民,濟州|人民
其祖國之人民,祖國|人民
朝鮮民族,朝鮮|民族
從來人民,從來|人民
晝出魍魎國民報,晝出|魍魎
中古的國民,中古|國民
即中等人民,中等|人民
中等人民,中等|人民
中州民族,中州|民族
支那國民,支那|國民
支那民族,支那|民族
萬壹支那民族,支那|民族
古今支那民族,支那|民族
支那四億萬民族,支那|四億萬|民族
支那人民,支那|人民
現今支那人民,支那|人民
最近支那人民,支那|人民
而指導國民,指導|國民
當該地方之幾萬人民,地方|幾萬|人民
地方人民,地方|人民
各地方人民,地方|人民
至於地方人民,地方|人民
年來地方人民,地方|人民
日甞地方人民,地方|人民
大抵只今地方人民,地方|人民
彼地方人民中,地方|人民
彼地方人民,地方|人民
或地方人民,地方|人民
又該地方人民,地方|人民
其地方人民,地方|人民
近日地方人民,地方|人民
罔非地方人民之膏澤,地方|人民|膏澤
地方官吏之於人民,地方官|人民
職曰國民,職曰|國民
職任人民之具瞻,職任|人民|具瞻
職在人民之具瞻,職在|人民|具瞻
以振國民之思想,振|國民|思想
盡其爲國民之義務,盡|國民|義務
眞實國民義務,眞實|國民|義務
必集全國人民,集|全國|人民
皆此國民族,此國|民族
此都人民,此都|人民
亦是此韓人民,此韓|人民
天國民,天國|國民
千萬民族社會,千萬|民族|社會
天生的國民,天生|國民
天下萬國人民,天下|萬國|人民
天下人民,天下|人民
撤的尼亞人民,撤的尼亞|人民
淸國人民,淸國|人民
最後活動之民族歟,最後|活動|民族
忠愛國民,忠愛|國民
忠義人民,忠義|人民
衷抱國民之血誠,衷抱|國民|血誠
今以惴惴難保之民族,惴惴|難保|民族
侵虐人民,侵虐|人民
他國民,他|國民
他民族,他|民族
他人民,他|人民
他國民族,他國|民族
彼他國民族中,他國|民族
他國人民,他國|人民
他國之人民,他國|人民
他邦民族,他邦|民族
欲彈壓國民,彈壓|國民
太半國民,太半|國民
太半此等童蒙的國民,太半|童蒙|國民
討索人民,討索|人民
土耳其國民,土耳其|國民
土種人民,土種|人民
土地人民,土地|人民
有土地有人民然後,土地|人民
以此土地人民,土地|人民
統計二千萬國民,統計|二千萬|國民
統一多數之人民,統一|多數|人民
套頓民族,套頓|民族
波蘭人民,波蘭|人民
波斯國民,波斯國|國民
彼波斯國民,波斯國|國民
播之人民,播之|人民
八千人民,八千|人民
平北人民,平北|人民
佈告全國民人,佈告|全國|民人
布諸人民,布諸|人民
漂去人民,漂去|人民
剽掠人民,剽掠|人民
彼其國民,彼|國民
彼國人民,彼國|人民
彼等人民,彼等|人民
彼等鄕曲人民,彼等|鄕曲|人民
所以彼我國民間交際,彼我|國民|交際
必先於人民之上,必先|人民
必取全國民人之公議,必取|全國|民人|公議
何國民族,何國|民族
何國人民,何國|人民
國下等人民,下等|人民
下等人民,下等|人民
此韓人民,韓|人民
紿韓人民,韓|人民
韓國國家民族,韓國|國家|民族
韓國民,韓國|國民
韓國國民,韓國|國民
嗚乎韓國民,韓國|國民
韓國民也,韓國|國民
亦韓國民也,韓國|國民
今日韓國國民,韓國|國民
爾亦韓國民,韓國|國民
然則韓國民同胞,韓國|國民|同胞
韓國國民同胞,韓國|國民|同胞
爲韓國民之人人者,韓國|國民|人人
韓國民族,韓國|民族
於是乎謂韓國民族,韓國|民族
此亦韓國民族,韓國|民族
唯韓國之上下人民,韓國|上下|人民
韓國人民,韓國|人民
今日韓國人民,韓國|人民
曰韓國人民,韓國|人民
只今韓國人民,韓國|人民
以若韓國人民,韓國|人民
況韓國人民,韓國|人民
且韓國人民,韓國|人民
同一韓國人民,韓國|人民
萬一韓國人民,韓國|人民
必是韓國人民,韓國|人民
而況韓國人民,韓國|人民
使韓國人民,韓國|人民
韓國之人民,韓國|人民
韓國第二世國民養成,韓國|第二世|國民|養成
韓國平安道人民,韓國|平安道|人民
韓國內地人民,韓國內地|人民
寒帶人民,寒帶|人民
漢城人民,漢城|人民
韓日人民,韓日|人民
咸鏡南北道人民,咸鏡南北道|人民
該民族社會,該|民族|社會
該管人民,該管|人民
該國人民,該國|人民
該島中三萬人民,該島|三萬|人民
該道人民,該道|人民
該地人民,該地|人民
鄕曲人民,鄕曲|人民
其鄕曲人民,鄕曲|人民
許令其人民,許令|人民
許令人民,許令|人民
許施則國民之呼寃,許施|國民|呼寃
現世列强國民,現世|列强|國民
現世界國民的宗敎,現世界|國民|宗敎
協會人民,協會|人民
當時湖南民族,湖南|民族
混合亂殖的民族,混合|亂殖|民族
何患乎人民之不從,患乎|人民|不從
皇室我國民,皇室|我|國民
皇帝及國民,皇帝|國民
皇帝及人民,皇帝|人民
往時回敎人民,回敎|人民
後來國民,後來|國民
輝國民之名譽於一時,輝|國民|名譽|一時
興國民,興|國民
其民,民
其人,人
其人也,人
此國,國
此人,人
効力,效力
該會社,會社
恢復,回復
大皇帝陛下,皇帝|陛下
皇帝陛下,皇帝|陛下
皇上陛下,皇上|陛下
懽迎,歡迎
韓皇陛下,韓皇|陛下
韓淸兩國,韓淸|兩國
韓日兩國,韓日|兩國
韓國政府,韓國|政府
韓國同胞,韓國|同胞
盖韓國,韓國
今日韓國,韓國
韓國內,韓國
學生諸君,學生|諸君
學校設立,學校|設立
彼日人,彼|日人
彼日本,彼|日本
他國人,他國|國人
靑年諸君,靑年|諸君
靑年子弟,靑年|子弟
天地間,天地
其責任,責任
地方官吏,地方|官吏
各地方,地方
該地方,地方
中央政府,中央|政府
凖備,準備
諸般事業,諸般|事業
情况,情況
政治上,政治
其精神,精神
政府諸公,政府|諸公
政府大臣,政府|大臣
政府當局者,政府|當局者
其政府,政府
全軆,全體
全國同胞,全國|同胞
全國內,全國
其子弟,子弟
壹毫,一毫
壹進會,一進會
壹日,一日
壹人,一人
壹言,一言
壹身,一身
日本政府,日本|政府
日本官憲,日本|官憲
盖日本,日本
若日本,日本
日本內,日本
一般人士,一般|人士
一般社會,一般|社會
一般同胞,一般|同胞
壹般,一般
壹家,一家
此等人,人
二千萬人,二千萬|人
二千萬同胞,二千萬|同胞
伊藤統監,伊藤|統監
伊藤侯,伊藤
伊藤候,伊藤
伊藤矦,伊藤
伊太利,意大利
該銀行,銀行
宇內大勢,宇內|大勢
吾儕於此,吾儕
研究,硏究
愛國志士,愛國|志士
愛國思想,愛國|思想
我韓人士,我韓|人士
我韓人,我韓|人
我韓社會,我韓|社會
今我韓,我韓
現今我韓,我韓
我國人,我國|國人
露國,俄國
我政府,我|政府
我二千萬同胞,我|二千萬|同胞
我同胞,我|同胞
惟我同胞,我|同胞
嗟我同胞,我|同胞
我大韓,我|大韓
我國家,我|國家
此時代,時代
其勢力,勢力
世界人類,世界|人類
世界萬國,世界|萬國
世界列國,世界|列國
世界列强,世界|列强
世界各國,世界|各國
世界上,世界
此世界,世界
生存競爭,生存|競爭
生命財産,生命|財産
狀况,狀況
山林川澤,山林|川澤
社會上,社會
其思想,思想
其父兄,父兄
裴說氏,裴說
民產,民産
米國,美國
文明進步,文明|進步
文明事業,文明|事業
文明富强,文明|富强
文明發達,文明|發達
目賀田氏,目賀田
其目的,目的
利害關係,利害|關係
其利益,利益
同壹,同一
當局諸公,當局|諸公
團軆,團體
其內容,內容
內部大臣,內部|大臣
拿破崙,拿破倫
諸君子,君子
此國內,國內
國家精神,國家|精神
國家思想,國家|思想
其國家,國家
其國,國
敎育程度,敎育|程度
敎育事業,敎育|事業
公益事業,公益|事業
皷吹,鼓吹
古今天下,古今|天下
一個人,個人
各自不同,各自|不同
其効果,効果
貨幣交換,貨幣|交換
現政府,現|政府
今日韓人,韓人
漢城內,漢城
韓國皇帝,韓國|皇帝
韓國人士,韓國|人士
韓國獨立,韓國|獨立
韓國官吏,韓國|官吏
今韓國,韓國
此韓國,韓國
現今韓國,韓國
況韓國,韓國
韓同胞,韓|同胞
何等事業,何等|事業
統壹,統一
太祖高皇帝,太祖|高皇帝
泰西各國,泰西|各國
可以推測,推測
天下萬國,天下|萬國
進化程度,進化|程度
進步發達,進步|發達
其進步,進步
其地位,地位
其知識,知識
支那帝國,支那|帝國
地球上,地球
十分注意,注意
此主義,主義
此條約,條約
祖國精神,祖國|精神
第一必要,第一|必要
第壹,第一
嗚乎諸君,諸君
政治社會,政治|社會
政治法律,政治|法律
其政治,政治
此精神,精神
今政府,政府
過去戰役,戰役
全國之人,全國人
全國人心,全國|人心
全國之內,全國
財政上,財政
長谷川大將,長谷川|大將
其子孫,子孫
自國政府,自國|政府
壹朝,一朝
日本貨幣,日本|貨幣
日本行動,日本|行動
日本政策,日本|政策
日本元老,日本|元老
日本武官,日本|武官
日本東京,日本|東京
且日本,日本
現今日本,日本
在日本,日本
壹步,一步
一般吾人,一般|吾人
壹國,一國
因循姑息,因循|姑息
此等人物,人物
人類社會,人類|社會
其人格,人格
盖人,人
二千萬衆,二千萬|衆
完用氏,李完用
伊藤公爵,伊藤|公爵
維新事業,維新|事業
由來我韓,由來|我韓
完全鞏固,完全|鞏固
顒祝不已,顒祝
今日吾人,吾人
其影響,影響
其言論,言論
此等言論,言論
愛國熱心,愛國|熱心
我韓全國,我韓|全國
我韓之人,我韓|人
我韓同胞,我韓|同胞
我韓今日,我韓
今日我韓,我韓
盖我韓,我韓
盖我國,我國
嗟我韓人,我|韓人
惟我大韓,我|大韓
十分切望,十分|切望
其實際,實際
施政改善,施政|改善
試思之,試思
此消息,消息
其性質,性質
庶幾乎,庶幾
其書,書
其生活,生活
生命財產,生命|財產
其生命,生命
商業上,商業
其社會,社會
此等事業,事業
其事業,事業
事業上,事業
此事業,事業
此事實,事實
其事實,事實
此事件,事件
非律賓,比律賓
悲觀的,悲觀
全然不知,不知
不得自由,不得|自由
其方法,方法
朴泳孝氏,朴泳孝
一問題,問題
文明風潮,文明|風潮
文明進化,文明|進化
文明程度,文明|程度
文明空氣,文明|空氣
文明各國,文明|各國
容或無怪,無怪
不可枚擧,枚擧
李完用氏,李完用
留學諸君,留學|諸君
勞動社會,勞動|社會
禮義之邦,禮義|邦
其歷史,歷史
歷史上,歷史
古今歷史,歷史
歷史的,歷史
兩國間,兩國
同胞諸君,同胞|諸君
嗚乎同胞,同胞
東洋全局,東洋|全局
大韓人士,大韓|人士
大韓臣民,大韓|臣民
大韓同胞,大韓|同胞
內地同胞,內地|同胞
於內部,內部
其權利,權利
國家經濟,國家|經濟
卽國家,國家
大抵國家,國家
曰國家,國家
此國家,國家
國同胞,國|同胞
彼國,國
歐美諸國,歐美|諸國
究竟結果,究竟|結果
敎育普及,敎育|普及
敎育發達,敎育|發達
其敎育,敎育
爲官吏者,官吏
其關係,關係
此困難,困難
經濟恐慌,經濟|恐慌
其競爭,競爭
更張以後,更張
全然缺乏,缺乏
改良進步,改良|進步
家人國民,家人|國民
各洞人民,各洞|人民
各邦人民,各邦|人民
各地民族,各地|民族
各地人民,各地|人民
疆土民族,疆土|民族
開進人民,開進|人民
擧國民人,擧國|民人
擧國人民,擧國|人民
舉國人民,擧國|人民
京鄕人民,京鄕|人民
戒國民,戒|國民
高麗民族,高麗|民族
皷舞人民,皷舞|人民
顧我國民,顧我|國民
恐人民,恐|人民
共和國民,共和|國民
過半人民,過半|人民
救國民,救|國民
區分國民,區分|國民
驅我人民,驅我|人民
驅除人民,驅除|人民
國國民,國|國民
其國民族,國|民族
國中人民,國|人民
此國人民,國|人民
國民乎,國民
均是國民,國民
今其國民,國民
幾萬國民,國民
旣爲國民,國民
但其國民,國民
萬一國民,國民
般國民,國民
般國民者,國民
凡爲國民,國民
尙有國民,國民
惟其國民,國民
作此國民,國民
卽今國民,國民
且其國民,國民
此其國民,國民
何許國民,國民
現今國民,國民
國民慶節,國民|慶節
國民權限,國民|權限
國民之氣,國民|氣
國民氣力,國民|氣力
國民男女,國民|男女
國民多數,國民|多數
國民之蠧,國民|蠧
國民魔報,國民|魔報
國民發達,國民|發達
國民發展,國民|發展
國民防護,國民|防護
國民普通敎育,國民|普通敎育
國民思潮,國民|思潮
國民師表,國民|師表
國民社會,國民|社會
國民常權,國民|常權
盖國民稅,國民|稅
國民歲入,國民|歲入
國民所報,國民|所報
國民伸張,國民|伸張
國民也,國民|也
國民與論,國民|與論
國民議會,國民|議會
國民日亡,國民|日亡
國民才識,國民|才識
國民之賊,國民|賊
國民祖先,國民|祖先
國民存念,國民|存念
國民志意,國民|志意
國民進就,國民|進就
國民之忱,國民|忱
國民之會,國民|會
國民軍,國民軍
凡厥國民,厥|國民
歸輸國民,歸輸|國民
極東國民,極東|國民
棄其人民,棄|人民
其人民視,其人民視
其地人民,其地|人民
金國民情,金國民情
女子國民,女子|國民
女眞民族,女眞|民族
年少人民,年少|人民
且念人民,念|人民
大則國民,大|國民
代表國民,代表|國民
大和民族,大和|民族
道民族,道|民族
徒手人民,徒手|人民
都下人民,都下|人民
獨立民族,獨立|民族
同國民,同|國民
董勸民衆,董勸|民衆
東道民族,東道|民族
東方民族,東方|民族
東洋國民,東洋|國民
拉丁民族,拉丁|民族
來國民,來|國民
兩國民,兩|國民
列强民族,列强|民族
列國人民,列國|人民
嶺隅人民,嶺隅|人民
令爾國民,令爾|國民
勞動人民,勞動|人民
遼金人民,遼金|人民
萬國民,萬|國民
滿城人民,滿城|人民
滅亡民族,滅亡|民族
無辜人民,無辜|人民
撫其人民,撫其|人民
文明國民,文明|國民
未開民族,未開|民族
未來民族,未來|民族
爾等民族,民族
曰其民族,民族
過去民族,民族
民族間,民族
民族上,民族
亦是民族,民族
卽民族,民族
民族昧劣,民族|昧劣
民族社會,民族|社會
民族消長,民族|消長
民族衰滅,民族|衰滅
民族進歩,民族|進歩
民族進化,民族|進化
使其民衆,民衆
若使民衆,民衆
以若民衆,民衆
民衆社會,民衆|社會
坊里人民,坊里|人民
邊界人民,邊界|人民
普國人民,普國|人民
北道民族,北道|民族
北方民族,北方|民族
佛國民,佛國|國民
佛國人民,佛國|人民
以備國民,備|國民
俾國民,俾|國民
貧富人民,貧富|人民
殺害人民,殺害|人民
三南民族,三南|民族
三島民族,三島|民族
三韓人民,三韓|人民
商業人民,商業|人民
桑港人民,桑港|人民
西歐人民,西歐|人民
西道民族,西道|民族
先敎國民,先敎|國民
扇惑人民,扇惑|人民
素來人民,素來|人民
衰弱人民,衰弱|人民
守其人民,守其|人民
數千人民,數千|人民
以示國民,示|國民
身爲國民,身|國民
此實國民,實|國民
維我國民,我|國民
曰我國民,我|國民
卽我國民,我|國民
苟我國民,我|國民
念我國民,我|國民
對我國民,我|國民
雖我國民,我|國民
視我國民,我|國民
誤我國民,我|國民
以我國民,我|國民
我民族中,我|民族
我民族界,我|民族|界
以我民衆,我|民衆
苟我人民,我|人民
俾我人民,我|人民
我之人民,我|人民
惟我人民,我|人民
且我人民,我|人民
俄國人民,俄國|人民
埃及國民黨,埃及國民黨
沿海人民,沿海|人民
英國民族,英國|民族
吾國民,吾|國民
五色民族,五色|民族
吾儕國民,吾儕|國民
外國人民,外國|人民
外方人民,外方|人民
愚昧人民,愚昧|人民
愚蒙人民,愚蒙|人民
誘惑人民,誘惑|人民
陰騭國民,陰騭|國民
異國民,異|國民
人或國民,人|國民
至於人民,人民
許多人民,人民
及其人民,人民
於人民,人民
古今人民,人民
今日人民,人民
幾萬人民,人民
幾許人民,人民
乃其人民,人民
乃反人民,人民
內而人民,人民
但使人民,人民
當時人民,人民
對其人民,人民
對人民,人民
每對人民,人民
凡百人民,人民
所謂人民,人民
雖其人民,人民
雖有人民,人民
與其人民,人民
如人民,人民
愚此人民,人民
爲先人民,人民
惟是人民,人民
惟一人民,人民
而其人民,人民
伊時人民,人民
以之人民,人民
以此人民,人民
人民之間,人民
人民乎,人民
第其人民,人民
諸般人民,人民
即如人民,人民
且人民間,人民
致使人民,人民
何如人民,人民
下以人民,人民
下則人民,人民
盍使人民,人民
人民開導,人民|開導
人民件質,人民|件質
人民苦樂,人民|苦樂
人民男女,人民|男女
人民多數,人民|多數
人民團軆,人民|團體
人民待遇,人民|待遇
人民之昧,人民|昧
人民士女,人民|士女
人民生業,人民|生業
人民歲入,人民|歲入
人民習俗,人民|習俗
人民心中,人民|心中
人民安寧,人民|安寧
人民之怨,人民|怨
人民財貨,人民|財貨
人民種族,人民|種族
人民之衆,人民|衆
人民之態,人民|態
人民行用,人民|行用
一民族,一|民族
卽一民族,一|民族
一國民情,一國|民情
一國民族,一國|民族
壹國民知,一國|民知
一國民會,一國民會
一大國民,一大|國民
一洞人民,一洞|人民
一切國民,一切|國民
自國民,自國|國民
自國民衆,自國|民衆
自欺人民,自欺|人民
資濟國民,資濟|國民
雜居人民,雜居|人民
匝域人民,匝域|人民
在下人民,在下|人民
若全國民,全|國民
全國民士,全國|民士
全國民知,全國|民知
全島人民,全島|人民
全都人民,全都|人民
全軆國民,全體|國民
諸民族,諸|民族
帝國民,帝國|國民
諸國人民,諸國|人民
第二國民,第二|國民
諸地人民,諸地|人民
條頓民族,條頓|民族
朝鮮國民,朝鮮|國民
淸國民族,淸國|民族
淸日人民,淸日|人民
招服民衆,招服|民衆
村里人民,村里|人民
聰俊人民,聰俊|人民
七省民族,七省|民族
他民族中,他|民族
他日國民,他日|國民
他洲人民,他洲|人民
太平人民,太平|人民
平壤人民,平壤|人民
捕縛人民,捕縛|人民
彼民衆,彼|民衆
下對國民,下對|國民
下等國民,下等|國民
遐邇人民,遐邇|人民
韓民族,韓|民族
韓之人民,韓|人民
韓國民士,韓國|民士
韓滿人民,韓滿|人民
韓鮮國民,韓鮮|國民
韓淸人民,韓淸|人民
合衆國民,合衆|國民
鄕谷人民,鄕谷|人民
許其人民,許|人民
呼訴人民,呼訴|人民
喚起國民,喚起|國民
還屬國民,還屬|國民
活我國民,活我|國民
曉喩人民,曉喩|人民
曉諭人民,曉諭|人民
犧牲人民,犧牲|人民
